Workbook

Sheet Dashboard
A1: STAFFING REVENUE COMMAND CENTER
A2: Your weekly view of account priority, pipeline quality, req health, and conversion.
A4: REVENUE SNAPSHOT
A6: A-Tier Accounts | C6: =COUNTIF('Account Scoring'!K5:K104,"A") -> 0 | E6: At-Risk Clients | G6: =COUNTIF('Client Health'!J5:J204,"At Risk") -> 0
A8: Weighted BD Pipeline | C8: =SUM('BD Pipeline'!K5:K304) -> 0 | E8: Latest Fee Revenue | G8: =IFERROR(LOOKUP(2,1/('Weekly Metrics'!A5:A108<>""),'Weekly Metrics'!M5:M108),0) -> 0
A10: Green Requisitions | C10: =COUNTIF('Req Scorecard'!N5:N204,"GREEN") -> 0 | E10: Latest Offer Acceptance | G10: =IFERROR(LOOKUP(2,1/('Weekly Metrics'!A5:A108<>""),'Weekly Metrics'!S5:S108),0) -> 0
A13: FRIDAY REVIEW
A15: • Which five accounts deserve the most attention next week?
A16: • Which opportunities stalled, and at what stage?
A17: • Which requisitions are consuming time without enough probability or margin?
A18: • Where is candidate conversion breaking?
A19: • Which client has earned an expansion conversation?
A20: • What work should stop because it creates activity without revenue movement?

Sheet Account Scoring
A1: ACCOUNT OPPORTUNITY SCORING
A2: Prioritize recruiter time by probability + economics, not logo recognition.
A4: Company | B4: Niche / Market | C4: ICP Fit 1-5 | D4: Signal 1-5 | E4: Hiring Volume 1-5 | F4: Scarcity 1-5 | G4: Decision Access 1-5 | H4: Fee Potential 1-5 | I4: Expansion 1-5 | J4: Score /100 | K4: Tier | L4: Next Action | M4: Last Updated
J5: =IF(A5="","",ROUND((C5*20+D5*20+E5*15+F5*15+G5*10+H5*10+I5*10)/5,0)) | K5: =IF(A5="","",IF(J5>=80,"A",IF(J5>=60,"B","C")))
J6: =IF(A6="","",ROUND((C6*20+D6*20+E6*15+F6*15+G6*10+H6*10+I6*10)/5,0)) | K6: =IF(A6="","",IF(J6>=80,"A",IF(J6>=60,"B","C")))
J7: =IF(A7="","",ROUND((C7*20+D7*20+E7*15+F7*15+G7*10+H7*10+I7*10)/5,0)) | K7: =IF(A7="","",IF(J7>=80,"A",IF(J7>=60,"B","C")))
J8: =IF(A8="","",ROUND((C8*20+D8*20+E8*15+F8*15+G8*10+H8*10+I8*10)/5,0)) | K8: =IF(A8="","",IF(J8>=80,"A",IF(J8>=60,"B","C")))
J9: =IF(A9="","",ROUND((C9*20+D9*20+E9*15+F9*15+G9*10+H9*10+I9*10)/5,0)) | K9: =IF(A9="","",IF(J9>=80,"A",IF(J9>=60,"B","C")))
J10: =IF(A10="","",ROUND((C10*20+D10*20+E10*15+F10*15+G10*10+H10*10+I10*10)/5,0)) | K10: =IF(A10="","",IF(J10>=80,"A",IF(J10>=60,"B","C")))
J11: =IF(A11="","",ROUND((C11*20+D11*20+E11*15+F11*15+G11*10+H11*10+I11*10)/5,0)) | K11: =IF(A11="","",IF(J11>=80,"A",IF(J11>=60,"B","C")))
J12: =IF(A12="","",ROUND((C12*20+D12*20+E12*15+F12*15+G12*10+H12*10+I12*10)/5,0)) | K12: =IF(A12="","",IF(J12>=80,"A",IF(J12>=60,"B","C")))
J13: =IF(A13="","",ROUND((C13*20+D13*20+E13*15+F13*15+G13*10+H13*10+I13*10)/5,0)) | K13: =IF(A13="","",IF(J13>=80,"A",IF(J13>=60,"B","C")))
J14: =IF(A14="","",ROUND((C14*20+D14*20+E14*15+F14*15+G14*10+H14*10+I14*10)/5,0)) | K14: =IF(A14="","",IF(J14>=80,"A",IF(J14>=60,"B","C")))
J15: =IF(A15="","",ROUND((C15*20+D15*20+E15*15+F15*15+G15*10+H15*10+I15*10)/5,0)) | K15: =IF(A15="","",IF(J15>=80,"A",IF(J15>=60,"B","C")))
J16: =IF(A16="","",ROUND((C16*20+D16*20+E16*15+F16*15+G16*10+H16*10+I16*10)/5,0)) | K16: =IF(A16="","",IF(J16>=80,"A",IF(J16>=60,"B","C")))
... J104: =IF(A104="","",ROUND((C104*20+D104*20+E104*15+F104*15+G104*10+H104*10+I104*10)/5,0)) | K104: =IF(A104="","",IF(J104>=80,"A",IF(J104>=60,"B","C")))

Sheet Hiring Signals
A1: HIRING SIGNAL TRACKER
A2: Record evidence first. Treat implications as hypotheses until validated.
A4: Date | B4: Company | C4: Signal Type | D4: Observed Fact / Evidence | E4: Source / URL | F4: Strength 1-5 | G4: Likely Implication | H4: Hypothesis to Validate | I4: Next Action | J4: Owner

Sheet BD Pipeline
A1: BUSINESS DEVELOPMENT PIPELINE
A2: Every active opportunity needs a stage, next action, and date.
A4: Company | B4: Contact | C4: Persona | D4: Stage | E4: Account Score | F4: Last Touch | G4: Next Touch | H4: Next Action | I4: Est. Fee Revenue | J4: Probability | K4: Weighted Revenue | L4: Notes
K5: =IF(A5="","",IFERROR(I5*J5,0))
K6: =IF(A6="","",IFERROR(I6*J6,0))
K7: =IF(A7="","",IFERROR(I7*J7,0))
K8: =IF(A8="","",IFERROR(I8*J8,0))
K9: =IF(A9="","",IFERROR(I9*J9,0))
K10: =IF(A10="","",IFERROR(I10*J10,0))
K11: =IF(A11="","",IFERROR(I11*J11,0))
K12: =IF(A12="","",IFERROR(I12*J12,0))
K13: =IF(A13="","",IFERROR(I13*J13,0))
K14: =IF(A14="","",IFERROR(I14*J14,0))
K15: =IF(A15="","",IFERROR(I15*J15,0))
K16: =IF(A16="","",IFERROR(I16*J16,0))
... K304: =IF(A304="","",IFERROR(I304*J304,0))

Sheet Req Scorecard
A1: JOB ORDER PROFITABILITY & FILLABILITY
A2: Green = prioritize. Yellow = repair conditions. Red = renegotiate or deprioritize.
A4: Client | B4: Role | C4: Urgency | D4: Comp Realism | E4: Clarity | F4: Candidate Availability | G4: Manager Access | H4: Interview Speed | I4: Client Commitment | J4: Competition Control | K4: Fee Quality | L4: Expansion | M4: Total /50 | N4: Class | O4: Est. Fee | P4: Status | Q4: Next Action
M5: =IF(A5="","",SUM(C5:L5)) | N5: =IF(A5="","",IF(M5>=40,"GREEN",IF(M5>=30,"YELLOW","RED")))
M6: =IF(A6="","",SUM(C6:L6)) | N6: =IF(A6="","",IF(M6>=40,"GREEN",IF(M6>=30,"YELLOW","RED")))
M7: =IF(A7="","",SUM(C7:L7)) | N7: =IF(A7="","",IF(M7>=40,"GREEN",IF(M7>=30,"YELLOW","RED")))
M8: =IF(A8="","",SUM(C8:L8)) | N8: =IF(A8="","",IF(M8>=40,"GREEN",IF(M8>=30,"YELLOW","RED")))
M9: =IF(A9="","",SUM(C9:L9)) | N9: =IF(A9="","",IF(M9>=40,"GREEN",IF(M9>=30,"YELLOW","RED")))
M10: =IF(A10="","",SUM(C10:L10)) | N10: =IF(A10="","",IF(M10>=40,"GREEN",IF(M10>=30,"YELLOW","RED")))
M11: =IF(A11="","",SUM(C11:L11)) | N11: =IF(A11="","",IF(M11>=40,"GREEN",IF(M11>=30,"YELLOW","RED")))
M12: =IF(A12="","",SUM(C12:L12)) | N12: =IF(A12="","",IF(M12>=40,"GREEN",IF(M12>=30,"YELLOW","RED")))
M13: =IF(A13="","",SUM(C13:L13)) | N13: =IF(A13="","",IF(M13>=40,"GREEN",IF(M13>=30,"YELLOW","RED")))
M14: =IF(A14="","",SUM(C14:L14)) | N14: =IF(A14="","",IF(M14>=40,"GREEN",IF(M14>=30,"YELLOW","RED")))
M15: =IF(A15="","",SUM(C15:L15)) | N15: =IF(A15="","",IF(M15>=40,"GREEN",IF(M15>=30,"YELLOW","RED")))
M16: =IF(A16="","",SUM(C16:L16)) | N16: =IF(A16="","",IF(M16>=40,"GREEN",IF(M16>=30,"YELLOW","RED")))
... M204: =IF(A204="","",SUM(C204:L204)) | N204: =IF(A204="","",IF(M204>=40,"GREEN",IF(M204>=30,"YELLOW","RED")))

Sheet Candidate Pipeline
A1: CANDIDATE PIPELINE & OFFER RISK
A2: Track verified fit and decision risk without turning AI into the decision maker.
A4: Candidate | B4: Client | C4: Role | D4: Stage | E4: Must-Have Fit 1-5 | F4: Motivation 1-5 | G4: Comp Aligned? | H4: Logistics Aligned? | I4: Competing Processes | J4: Counteroffer Risk | K4: Next Step | L4: Next Step Date | M4: Notes

Sheet Client Health
A1: CLIENT HEALTH & EXPANSION
A2: Make churn risk and account-growth opportunities visible before they become urgent.
A4: Client | B4: Hiring Activity | C4: Responsiveness | D4: Req Quality | E4: Fee/Margin | F4: Relationship Access | G4: Expansion Potential | H4: Risk Flags 0-5 | I4: Health Score | J4: Status | K4: Expansion Opportunity | L4: Next Review
I5: =IF(A5="","",ROUND(((B5+C5+D5+E5+F5+G5)*5-(H5*5))/30*100,0)) | J5: =IF(A5="","",IF(I5>=75,"Healthy",IF(I5>=55,"Watch","At Risk")))
I6: =IF(A6="","",ROUND(((B6+C6+D6+E6+F6+G6)*5-(H6*5))/30*100,0)) | J6: =IF(A6="","",IF(I6>=75,"Healthy",IF(I6>=55,"Watch","At Risk")))
I7: =IF(A7="","",ROUND(((B7+C7+D7+E7+F7+G7)*5-(H7*5))/30*100,0)) | J7: =IF(A7="","",IF(I7>=75,"Healthy",IF(I7>=55,"Watch","At Risk")))
I8: =IF(A8="","",ROUND(((B8+C8+D8+E8+F8+G8)*5-(H8*5))/30*100,0)) | J8: =IF(A8="","",IF(I8>=75,"Healthy",IF(I8>=55,"Watch","At Risk")))
I9: =IF(A9="","",ROUND(((B9+C9+D9+E9+F9+G9)*5-(H9*5))/30*100,0)) | J9: =IF(A9="","",IF(I9>=75,"Healthy",IF(I9>=55,"Watch","At Risk")))
I10: =IF(A10="","",ROUND(((B10+C10+D10+E10+F10+G10)*5-(H10*5))/30*100,0)) | J10: =IF(A10="","",IF(I10>=75,"Healthy",IF(I10>=55,"Watch","At Risk")))
I11: =IF(A11="","",ROUND(((B11+C11+D11+E11+F11+G11)*5-(H11*5))/30*100,0)) | J11: =IF(A11="","",IF(I11>=75,"Healthy",IF(I11>=55,"Watch","At Risk")))
I12: =IF(A12="","",ROUND(((B12+C12+D12+E12+F12+G12)*5-(H12*5))/30*100,0)) | J12: =IF(A12="","",IF(I12>=75,"Healthy",IF(I12>=55,"Watch","At Risk")))
I13: =IF(A13="","",ROUND(((B13+C13+D13+E13+F13+G13)*5-(H13*5))/30*100,0)) | J13: =IF(A13="","",IF(I13>=75,"Healthy",IF(I13>=55,"Watch","At Risk")))
I14: =IF(A14="","",ROUND(((B14+C14+D14+E14+F14+G14)*5-(H14*5))/30*100,0)) | J14: =IF(A14="","",IF(I14>=75,"Healthy",IF(I14>=55,"Watch","At Risk")))
I15: =IF(A15="","",ROUND(((B15+C15+D15+E15+F15+G15)*5-(H15*5))/30*100,0)) | J15: =IF(A15="","",IF(I15>=75,"Healthy",IF(I15>=55,"Watch","At Risk")))
I16: =IF(A16="","",ROUND(((B16+C16+D16+E16+F16+G16)*5-(H16*5))/30*100,0)) | J16: =IF(A16="","",IF(I16>=75,"Healthy",IF(I16>=55,"Watch","At Risk")))
... I204: =IF(A204="","",ROUND(((B204+C204+D204+E204+F204+G204)*5-(H204*5))/30*100,0)) | J204: =IF(A204="","",IF(I204>=75,"Healthy",IF(I204>=55,"Watch","At Risk")))

Sheet Weekly Metrics
A1: WEEKLY REVENUE SCOREBOARD
A2: Measure conversion and outcomes - not just activity.
A4: Week Ending | B4: Outbound Contacts | C4: Replies | D4: Qualified Conversations | E4: Discovery Calls | F4: New Job Orders | G4: Controlled Searches | H4: Submissions | I4: Interviews | J4: Offers | K4: Placements | L4: Expansion Wins | M4: Fee Revenue | N4: Response Rate | O4: Conversation Rate | P4: Discovery->JO | Q4: Submit->Interview | R4: Interview->Offer | S4: Offer Acceptance
N5: =IFERROR(C5/B5,0) -> 0 | O5: =IFERROR(D5/B5,0) -> 0 | P5: =IFERROR(F5/E5,0) -> 0 | Q5: =IFERROR(I5/H5,0) -> 0 | R5: =IFERROR(J5/I5,0) -> 0 | S5: =IFERROR(K5/J5,0) -> 0
N6: =IFERROR(C6/B6,0) -> 0 | O6: =IFERROR(D6/B6,0) -> 0 | P6: =IFERROR(F6/E6,0) -> 0 | Q6: =IFERROR(I6/H6,0) -> 0 | R6: =IFERROR(J6/I6,0) -> 0 | S6: =IFERROR(K6/J6,0) -> 0
N7: =IFERROR(C7/B7,0) -> 0 | O7: =IFERROR(D7/B7,0) -> 0 | P7: =IFERROR(F7/E7,0) -> 0 | Q7: =IFERROR(I7/H7,0) -> 0 | R7: =IFERROR(J7/I7,0) -> 0 | S7: =IFERROR(K7/J7,0) -> 0
N8: =IFERROR(C8/B8,0) -> 0 | O8: =IFERROR(D8/B8,0) -> 0 | P8: =IFERROR(F8/E8,0) -> 0 | Q8: =IFERROR(I8/H8,0) -> 0 | R8: =IFERROR(J8/I8,0) -> 0 | S8: =IFERROR(K8/J8,0) -> 0
N9: =IFERROR(C9/B9,0) -> 0 | O9: =IFERROR(D9/B9,0) -> 0 | P9: =IFERROR(F9/E9,0) -> 0 | Q9: =IFERROR(I9/H9,0) -> 0 | R9: =IFERROR(J9/I9,0) -> 0 | S9: =IFERROR(K9/J9,0) -> 0
N10: =IFERROR(C10/B10,0) -> 0 | O10: =IFERROR(D10/B10,0) -> 0 | P10: =IFERROR(F10/E10,0) -> 0 | Q10: =IFERROR(I10/H10,0) -> 0 | R10: =IFERROR(J10/I10,0) -> 0 | S10: =IFERROR(K10/J10,0) -> 0
N11: =IFERROR(C11/B11,0) -> 0 | O11: =IFERROR(D11/B11,0) -> 0 | P11: =IFERROR(F11/E11,0) -> 0 | Q11: =IFERROR(I11/H11,0) -> 0 | R11: =IFERROR(J11/I11,0) -> 0 | S11: =IFERROR(K11/J11,0) -> 0
N12: =IFERROR(C12/B12,0) -> 0 | O12: =IFERROR(D12/B12,0) -> 0 | P12: =IFERROR(F12/E12,0) -> 0 | Q12: =IFERROR(I12/H12,0) -> 0 | R12: =IFERROR(J12/I12,0) -> 0 | S12: =IFERROR(K12/J12,0) -> 0
N13: =IFERROR(C13/B13,0) -> 0 | O13: =IFERROR(D13/B13,0) -> 0 | P13: =IFERROR(F13/E13,0) -> 0 | Q13: =IFERROR(I13/H13,0) -> 0 | R13: =IFERROR(J13/I13,0) -> 0 | S13: =IFERROR(K13/J13,0) -> 0
N14: =IFERROR(C14/B14,0) -> 0 | O14: =IFERROR(D14/B14,0) -> 0 | P14: =IFERROR(F14/E14,0) -> 0 | Q14: =IFERROR(I14/H14,0) -> 0 | R14: =IFERROR(J14/I14,0) -> 0 | S14: =IFERROR(K14/J14,0) -> 0
N15: =IFERROR(C15/B15,0) -> 0 | O15: =IFERROR(D15/B15,0) -> 0 | P15: =IFERROR(F15/E15,0) -> 0 | Q15: =IFERROR(I15/H15,0) -> 0 | R15: =IFERROR(J15/I15,0) -> 0 | S15: =IFERROR(K15/J15,0) -> 0
N16: =IFERROR(C16/B16,0) -> 0 | O16: =IFERROR(D16/B16,0) -> 0 | P16: =IFERROR(F16/E16,0) -> 0 | Q16: =IFERROR(I16/H16,0) -> 0 | R16: =IFERROR(J16/I16,0) -> 0 | S16: =IFERROR(K16/J16,0) -> 0
... N108: =IFERROR(C108/B108,0) -> 0 | O108: =IFERROR(D108/B108,0) -> 0 | P108: =IFERROR(F108/E108,0) -> 0 | Q108: =IFERROR(I108/H108,0) -> 0 | R108: =IFERROR(J108/I108,0) -> 0 | S108: =IFERROR(K108/J108,0) -> 0

Sheet 30-Day Sprint
A1: 30-DAY STAFFING REVENUE SPRINT
A2: Install the system one practical action at a time.
A4: Day | B4: Focus | C4: Action | D4: Complete? | E4: Notes
A5: 1 | B5: Choose the niche | C5: Score 2-3 possible niches; select one primary market.
A6: 2 | B6: Define the ICP | C6: Write measurable company, hiring, geography, and role criteria.
A7: 3 | B7: Build 25 accounts | C7: Create the first focused target list.
A8: 4 | B8: Capture signals | C8: Record verified hiring/business signals.
A9: 5 | B9: Score accounts | C9: Identify A/B/C tiers.
A10: 6 | B10: Build proof | C10: Document supportable outcomes and market observations.
A11: 7 | B11: Review Week 1 | C11: Remove weak targets and tighten the niche.
A12: 8 | B12: Create account briefs | C12: Build two-minute briefs for the top 10 accounts.
A13: 9 | B13: Write persona messaging | C13: Create hiring-manager and HR/TA versions.
A14: 10 | B14: Launch first touches | C14: Start with the highest-scoring accounts.
A15: 11 | B15: Call with hypotheses | C15: Use one signal and one diagnostic question.
A16: 12 | B16: Add LinkedIn | C16: Connect with context, not a pitch.
... A34: 30 | B34: Lock the cadence | C34: Choose daily priorities and a weekly review time; repeat.

Sheet Read Me
A1: STAFFING REVENUE COMMAND CENTER
A2: Companion workbook to The AI Staffing Revenue Toolkit
A4: START HERE
A6: 1 | B6: Account Scoring | C6: Score prospects before outreach. A = engage now, B = nurture/investigate, C = monitor.
A7: 2 | B7: Hiring Signals | C7: Record verified evidence and separate facts from hypotheses.
A8: 3 | B8: BD Pipeline | C8: Track stage, next action, estimated fee revenue, and probability.
A9: 4 | B9: Req Scorecard | C9: Score every requisition before committing heavy delivery time.
A10: 5 | B10: Candidate Pipeline | C10: Track candidate stage and offer-risk factors.
A11: 6 | B11: Client Health | C11: Make account risk and expansion potential visible.
A12: 7 | B12: Weekly Metrics | C12: Enter weekly outcomes; conversion formulas calculate automatically.
A13: 8 | B13: 30-Day Sprint | C13: Use the implementation plan to install the system.
A15: Operating rule: Facts first. Hypotheses second. AI output third. Human judgment always.
